{"name":"Content Management API - Environment","values":[{"key":"base_url","value":"api.contentstack.io"},{"key":"api_key","value":"blt84f40cade1ff54fe"},{"key":"access_token","value":"cs70394a948458c111477d4206"},{"key":"management_token","value":"your_management_token"},{"key":"authtoken","value":"your_authtoken"},{"key":"locale","value":"your_locale"},{"key":"user_email","value":"your_user_email"},{"key":"password","value":"your_password"},{"key":"your_2FA_token","value":"your_2FA_token"},{"key":"user_activation_token","value":"your_user_activation_token"},{"key":"organization_uid","value":"your_organization_uid"},{"key":"share_uid","value":"your_share_uid"},{"key":"log_uid","value":"your_log_uid"},{"key":"ownership_token","value":"your_ownership_token"},{"key":"content_type_uid","value":"your_content_type_uid"},{"key":"global_field_uid","value":"your_global_field_uid"},{"key":"entry_uid","value":"your_entry_uid"},{"key":"version_number","value":"your_version_number"},{"key":"asset_uid","value":"your_asset_uid"},{"key":"asset_type","value":"your_asset_type"},{"key":"folder_uid","value":"your_folder_uid"},{"key":"custom_field_uid","value":"your_custom_field_uid"},{"key":"widget_uid","value":"your_widget_uid"},{"key":"extension_uid","value":"your_extension_uid"},{"key":"release_uid","value":"your_release_uid"},{"key":"workflow_uid","value":"your_workflow_uid"},{"key":"rule_uid","value":"your_rule_uid"},{"key":"label_uid","value":"your_label_uid"},{"key":"code","value":"your_code"},{"key":"locale_uid","value":"your_locale_uid"},{"key":"environment_name","value":"your_environment_name"},{"key":"token_uid","value":"your_token_uid"},{"key":"role_uid","value":"your_role_uid"},{"key":"webhook_uid","value":"your_webhook_uid"},{"key":"execution_uid","value":"your_execution_uid"},{"key":"log_item_uid","value":"your_log_item_uid"},{"key":"publish_queue_uid","value":"your_publish_queue_uid"}]}